AppProperties.java,si.confreg.registration.config.AppProperties,org.pitest.mutationtest.engine.gregor.mutators.ConditionalsBoundaryMutator,<init>,39,KILLED,si.confreg.registration.config.AppPropertiesTest.[engine:junit-jupiter]/[class:si.confreg.registration.config.AppPropertiesTest]/[method:rejectsMissingSender()]
AppProperties.java,si.confreg.registration.config.AppProperties,org.pitest.mutationtest.engine.gregor.mutators.ConditionalsBoundaryMutator,<init>,40,KILLED,si.confreg.registration.config.AppPropertiesTest.[engine:junit-jupiter]/[class:si.confreg.registration.config.AppPropertiesTest]/[method:rejectsInvalidSettings()]
AppProperties.java,si.confreg.registration.config.AppProperties,org.pitest.mutationtest.engine.gregor.mutators.ConditionalsBoundaryMutator,<init>,44,KILLED,si.confreg.registration.config.AppPropertiesTest.[engine:junit-jupiter]/[class:si.confreg.registration.config.AppPropertiesTest]/[method:rejectsMissingSender()]
AppProperties.java,si.confreg.registration.config.AppProperties,org.pitest.mutationtest.engine.gregor.mutators.NegateConditionalsMutator,<init>,38,KILLED,si.confreg.registration.config.AppPropertiesTest.[engine:junit-jupiter]/[class:si.confreg.registration.config.AppPropertiesTest]/[method:rejectsMissingSender()]
AppProperties.java,si.confreg.registration.config.AppProperties,org.pitest.mutationtest.engine.gregor.mutators.NegateConditionalsMutator,<init>,39,KILLED,si.confreg.registration.config.AppPropertiesTest.[engine:junit-jupiter]/[class:si.confreg.registration.config.AppPropertiesTest]/[method:rejectsMissingSender()]
AppProperties.java,si.confreg.registration.config.AppProperties,org.pitest.mutationtest.engine.gregor.mutators.NegateConditionalsMutator,<init>,40,KILLED,si.confreg.registration.config.AppPropertiesTest.[engine:junit-jupiter]/[class:si.confreg.registration.config.AppPropertiesTest]/[method:rejectsMissingSender()]
AppProperties.java,si.confreg.registration.config.AppProperties,org.pitest.mutationtest.engine.gregor.mutators.NegateConditionalsMutator,<init>,44,KILLED,si.confreg.registration.config.AppPropertiesTest.[engine:junit-jupiter]/[class:si.confreg.registration.config.AppPropertiesTest]/[method:rejectsMissingSender()]
AppProperties.java,si.confreg.registration.config.AppProperties,org.pitest.mutationtest.engine.gregor.mutators.NegateConditionalsMutator,<init>,48,KILLED,si.confreg.registration.config.AppPropertiesTest.[engine:junit-jupiter]/[class:si.confreg.registration.config.AppPropertiesTest]/[test-template:testClockEnabledValues(java.lang.String)]/[test-template-invocation:#3]
AppProperties.java,si.confreg.registration.config.AppProperties,org.pitest.mutationtest.engine.gregor.mutators.NegateConditionalsMutator,<init>,48,KILLED,si.confreg.registration.config.AppPropertiesTest.[engine:junit-jupiter]/[class:si.confreg.registration.config.AppPropertiesTest]/[method:rejectsMissingSender()]
AppProperties.java,si.confreg.registration.config.AppProperties,org.pitest.mutationtest.engine.gregor.mutators.VoidMethodCallMutator,<init>,36,KILLED,si.confreg.registration.config.AppPropertiesTest.[engine:junit-jupiter]/[class:si.confreg.registration.config.AppPropertiesTest]/[method:rejectsInvalidSettings()]
AppProperties.java,si.confreg.registration.config.AppProperties,org.pitest.mutationtest.engine.gregor.mutators.VoidMethodCallMutator,<init>,37,KILLED,si.confreg.registration.config.AppPropertiesTest.[engine:junit-jupiter]/[class:si.confreg.registration.config.AppPropertiesTest]/[method:rejectsInvalidSettings()]
AppProperties.java,si.confreg.registration.config.AppProperties,org.pitest.mutationtest.engine.gregor.mutators.returns.NullReturnValsMutator,conferenceZone,55,KILLED,si.confreg.registration.config.AppPropertiesTest.[engine:junit-jupiter]/[class:si.confreg.registration.config.AppPropertiesTest]/[method:parsesValidSettings()]
AppProperties.java,si.confreg.registration.config.AppProperties,org.pitest.mutationtest.engine.gregor.mutators.NegateConditionalsMutator,deadline,84,KILLED,si.confreg.registration.config.AppPropertiesTest.[engine:junit-jupiter]/[class:si.confreg.registration.config.AppPropertiesTest]/[test-template:testClockEnabledValues(java.lang.String)]/[test-template-invocation:#3]
AppProperties.java,si.confreg.registration.config.AppProperties,org.pitest.mutationtest.engine.gregor.mutators.returns.NullReturnValsMutator,deadline,88,KILLED,si.confreg.registration.config.AppPropertiesTest.[engine:junit-jupiter]/[class:si.confreg.registration.config.AppPropertiesTest]/[method:parsesValidSettings()]
AppProperties.java,si.confreg.registration.config.AppProperties,org.pitest.mutationtest.engine.gregor.mutators.returns.NullReturnValsMutator,earlyBirdDeadlineDate,60,KILLED,si.confreg.registration.config.AppPropertiesTest.[engine:junit-jupiter]/[class:si.confreg.registration.config.AppPropertiesTest]/[method:parsesValidSettings()]
AppProperties.java,si.confreg.registration.config.AppProperties,org.pitest.mutationtest.engine.gregor.mutators.ConditionalsBoundaryMutator,parseWorkshops,116,KILLED,si.confreg.registration.config.AppPropertiesTest.[engine:junit-jupiter]/[class:si.confreg.registration.config.AppPropertiesTest]/[method:rejectsInvalidSettings()]
AppProperties.java,si.confreg.registration.config.AppProperties,org.pitest.mutationtest.engine.gregor.mutators.ConditionalsBoundaryMutator,parseWorkshops,121,SURVIVED,none
AppProperties.java,si.confreg.registration.config.AppProperties,org.pitest.mutationtest.engine.gregor.mutators.MathMutator,parseWorkshops,120,KILLED,si.confreg.registration.config.AppPropertiesTest.[engine:junit-jupiter]/[class:si.confreg.registration.config.AppPropertiesTest]/[method:workshopEntriesAreTrimmedAndCatalogueIsUnmodifiable()]
AppProperties.java,si.confreg.registration.config.AppProperties,org.pitest.mutationtest.engine.gregor.mutators.NegateConditionalsMutator,parseWorkshops,110,KILLED,si.confreg.registration.config.AppPropertiesTest.[engine:junit-jupiter]/[class:si.confreg.registration.config.AppPropertiesTest]/[test-template:testClockEnabledValues(java.lang.String)]/[test-template-invocation:#3]
AppProperties.java,si.confreg.registration.config.AppProperties,org.pitest.mutationtest.engine.gregor.mutators.NegateConditionalsMutator,parseWorkshops,110,KILLED,si.confreg.registration.config.AppPropertiesTest.[engine:junit-jupiter]/[class:si.confreg.registration.config.AppPropertiesTest]/[test-template:testClockEnabledValues(java.lang.String)]/[test-template-invocation:#3]
AppProperties.java,si.confreg.registration.config.AppProperties,org.pitest.mutationtest.engine.gregor.mutators.NegateConditionalsMutator,parseWorkshops,116,KILLED,si.confreg.registration.config.AppPropertiesTest.[engine:junit-jupiter]/[class:si.confreg.registration.config.AppPropertiesTest]/[test-template:testClockEnabledValues(java.lang.String)]/[test-template-invocation:#3]
AppProperties.java,si.confreg.registration.config.AppProperties,org.pitest.mutationtest.engine.gregor.mutators.NegateConditionalsMutator,parseWorkshops,121,KILLED,si.confreg.registration.config.AppPropertiesTest.[engine:junit-jupiter]/[class:si.confreg.registration.config.AppPropertiesTest]/[test-template:testClockEnabledValues(java.lang.String)]/[test-template-invocation:#3]
AppProperties.java,si.confreg.registration.config.AppProperties,org.pitest.mutationtest.engine.gregor.mutators.NegateConditionalsMutator,parseWorkshops,121,KILLED,si.confreg.registration.config.AppPropertiesTest.[engine:junit-jupiter]/[class:si.confreg.registration.config.AppPropertiesTest]/[test-template:testClockEnabledValues(java.lang.String)]/[test-template-invocation:#3]
AppProperties.java,si.confreg.registration.config.AppProperties,org.pitest.mutationtest.engine.gregor.mutators.NegateConditionalsMutator,parseWorkshops,121,KILLED,si.confreg.registration.config.AppPropertiesTest.[engine:junit-jupiter]/[class:si.confreg.registration.config.AppPropertiesTest]/[test-template:testClockEnabledValues(java.lang.String)]/[test-template-invocation:#3]
AppProperties.java,si.confreg.registration.config.AppProperties,org.pitest.mutationtest.engine.gregor.mutators.NegateConditionalsMutator,parseWorkshops,124,KILLED,si.confreg.registration.config.AppPropertiesTest.[engine:junit-jupiter]/[class:si.confreg.registration.config.AppPropertiesTest]/[test-template:testClockEnabledValues(java.lang.String)]/[test-template-invocation:#3]
AppProperties.java,si.confreg.registration.config.AppProperties,org.pitest.mutationtest.engine.gregor.mutators.returns.EmptyObjectReturnValsMutator,parseWorkshops,128,KILLED,si.confreg.registration.config.AppPropertiesTest.[engine:junit-jupiter]/[class:si.confreg.registration.config.AppPropertiesTest]/[method:workshopEntriesAreTrimmedAndCatalogueIsUnmodifiable()]
AppProperties.java,si.confreg.registration.config.AppProperties,org.pitest.mutationtest.engine.gregor.mutators.ConditionalsBoundaryMutator,requirePositive,95,KILLED,si.confreg.registration.config.AppPropertiesTest.[engine:junit-jupiter]/[class:si.confreg.registration.config.AppPropertiesTest]/[method:rejectsInvalidSettings()]
AppProperties.java,si.confreg.registration.config.AppProperties,org.pitest.mutationtest.engine.gregor.mutators.NegateConditionalsMutator,requirePositive,95,KILLED,si.confreg.registration.config.AppPropertiesTest.[engine:junit-jupiter]/[class:si.confreg.registration.config.AppPropertiesTest]/[method:rejectsMissingSender()]
AppProperties.java,si.confreg.registration.config.AppProperties,org.pitest.mutationtest.engine.gregor.mutators.NegateConditionalsMutator,requirePositive,95,KILLED,si.confreg.registration.config.AppPropertiesTest.[engine:junit-jupiter]/[class:si.confreg.registration.config.AppPropertiesTest]/[method:rejectsMissingSender()]
AppProperties.java,si.confreg.registration.config.AppProperties,org.pitest.mutationtest.engine.gregor.mutators.returns.BooleanFalseReturnValsMutator,testClockEnabled,69,KILLED,si.confreg.registration.config.AppPropertiesTest.[engine:junit-jupiter]/[class:si.confreg.registration.config.AppPropertiesTest]/[test-template:testClockEnabledValues(java.lang.String)]/[test-template-invocation:#3]
AppProperties.java,si.confreg.registration.config.AppProperties,org.pitest.mutationtest.engine.gregor.mutators.returns.BooleanTrueReturnValsMutator,testClockEnabled,69,KILLED,si.confreg.registration.config.AppPropertiesTest.[engine:junit-jupiter]/[class:si.confreg.registration.config.AppPropertiesTest]/[method:productionRefusesUnsafeSettings()]
AppProperties.java,si.confreg.registration.config.AppProperties,org.pitest.mutationtest.engine.gregor.mutators.NegateConditionalsMutator,testClockEnabled,101,KILLED,si.confreg.registration.config.AppPropertiesTest.[engine:junit-jupiter]/[class:si.confreg.registration.config.AppPropertiesTest]/[test-template:testClockEnabledValues(java.lang.String)]/[test-template-invocation:#3]
AppProperties.java,si.confreg.registration.config.AppProperties,org.pitest.mutationtest.engine.gregor.mutators.returns.BooleanFalseReturnValsMutator,testClockEnabled,102,KILLED,si.confreg.registration.config.AppPropertiesTest.[engine:junit-jupiter]/[class:si.confreg.registration.config.AppPropertiesTest]/[test-template:testClockEnabledValues(java.lang.String)]/[test-template-invocation:#3]
AppProperties.java,si.confreg.registration.config.AppProperties,org.pitest.mutationtest.engine.gregor.mutators.returns.BooleanTrueReturnValsMutator,testClockEnabled,102,KILLED,si.confreg.registration.config.AppPropertiesTest.[engine:junit-jupiter]/[class:si.confreg.registration.config.AppPropertiesTest]/[method:productionRefusesUnsafeSettings()]
AppProperties.java,si.confreg.registration.config.AppProperties,org.pitest.mutationtest.engine.gregor.mutators.returns.EmptyObjectReturnValsMutator,workshopCatalogue,65,KILLED,si.confreg.registration.config.AppPropertiesTest.[engine:junit-jupiter]/[class:si.confreg.registration.config.AppPropertiesTest]/[method:workshopEntriesAreTrimmedAndCatalogueIsUnmodifiable()]
AppProperties.java,si.confreg.registration.config.AppProperties,org.pitest.mutationtest.engine.gregor.mutators.NegateConditionalsMutator,zone,73,KILLED,si.confreg.registration.config.AppPropertiesTest.[engine:junit-jupiter]/[class:si.confreg.registration.config.AppPropertiesTest]/[test-template:testClockEnabledValues(java.lang.String)]/[test-template-invocation:#3]
AppProperties.java,si.confreg.registration.config.AppProperties,org.pitest.mutationtest.engine.gregor.mutators.returns.NullReturnValsMutator,zone,77,KILLED,si.confreg.registration.config.AppPropertiesTest.[engine:junit-jupiter]/[class:si.confreg.registration.config.AppPropertiesTest]/[method:parsesValidSettings()]
RegistrationValidator.java,si.confreg.registration.domain.RegistrationValidator,org.pitest.mutationtest.engine.gregor.mutators.NegateConditionalsMutator,companyField,90,KILLED,si.confreg.registration.domain.RegistrationValidatorTest.[engine:junit-jupiter]/[class:si.confreg.registration.domain.RegistrationValidatorTest]/[method:controlCharactersRejectedExceptLineBreaksInAddress()]
RegistrationValidator.java,si.confreg.registration.domain.RegistrationValidator,org.pitest.mutationtest.engine.gregor.mutators.NegateConditionalsMutator,companyField,92,KILLED,si.confreg.registration.domain.RegistrationValidatorTest.[engine:junit-jupiter]/[class:si.confreg.registration.domain.RegistrationValidatorTest]/[test-template:acceptsWellFormedEmail(java.lang.String)]/[test-template-invocation:#3]
RegistrationValidator.java,si.confreg.registration.domain.RegistrationValidator,org.pitest.mutationtest.engine.gregor.mutators.VoidMethodCallMutator,companyField,91,KILLED,si.confreg.registration.domain.RegistrationValidatorTest.[engine:junit-jupiter]/[class:si.confreg.registration.domain.RegistrationValidatorTest]/[method:controlCharactersRejectedExceptLineBreaksInAddress()]
RegistrationValidator.java,si.confreg.registration.domain.RegistrationValidator,org.pitest.mutationtest.engine.gregor.mutators.ConditionalsBoundaryMutator,text,75,KILLED,si.confreg.registration.domain.RegistrationValidatorTest.[engine:junit-jupiter]/[class:si.confreg.registration.domain.RegistrationValidatorTest]/[method:lengthLimitsPerField()]
RegistrationValidator.java,si.confreg.registration.domain.RegistrationValidator,org.pitest.mutationtest.engine.gregor.mutators.NegateConditionalsMutator,text,69,KILLED,si.confreg.registration.domain.RegistrationValidatorTest.[engine:junit-jupiter]/[class:si.confreg.registration.domain.RegistrationValidatorTest]/[method:collectsEveryMissingRequiredField()]
RegistrationValidator.java,si.confreg.registration.domain.RegistrationValidator,org.pitest.mutationtest.engine.gregor.mutators.NegateConditionalsMutator,text,70,KILLED,si.confreg.registration.domain.RegistrationValidatorTest.[engine:junit-jupiter]/[class:si.confreg.registration.domain.RegistrationValidatorTest]/[method:collectsEveryMissingRequiredField()]
RegistrationValidator.java,si.confreg.registration.domain.RegistrationValidator,org.pitest.mutationtest.engine.gregor.mutators.NegateConditionalsMutator,text,75,KILLED,si.confreg.registration.domain.RegistrationValidatorTest.[engine:junit-jupiter]/[class:si.confreg.registration.domain.RegistrationValidatorTest]/[test-template:rejectsUnknownPayerType(java.lang.String)]/[test-template-invocation:#4]
RegistrationValidator.java,si.confreg.registration.domain.RegistrationValidator,org.pitest.mutationtest.engine.gregor.mutators.NegateConditionalsMutator,text,78,KILLED,si.confreg.registration.domain.RegistrationValidatorTest.[engine:junit-jupiter]/[class:si.confreg.registration.domain.RegistrationValidatorTest]/[test-template:rejectsUnknownPayerType(java.lang.String)]/[test-template-invocation:#4]
RegistrationValidator.java,si.confreg.registration.domain.RegistrationValidator,org.pitest.mutationtest.engine.gregor.mutators.ConditionalsBoundaryMutator,validate,38,SURVIVED,none
RegistrationValidator.java,si.confreg.registration.domain.RegistrationValidator,org.pitest.mutationtest.engine.gregor.mutators.NegateConditionalsMutator,validate,37,KILLED,si.confreg.registration.domain.RegistrationValidatorTest.[engine:junit-jupiter]/[class:si.confreg.registration.domain.RegistrationValidatorTest]/[method:collectsEveryMissingRequiredField()]
RegistrationValidator.java,si.confreg.registration.domain.RegistrationValidator,org.pitest.mutationtest.engine.gregor.mutators.NegateConditionalsMutator,validate,38,KILLED,si.confreg.registration.domain.RegistrationValidatorTest.[engine:junit-jupiter]/[class:si.confreg.registration.domain.RegistrationValidatorTest]/[test-template:rejectsMalformedEmail(java.lang.String)]/[test-template-invocation:#6]
RegistrationValidator.java,si.confreg.registration.domain.RegistrationValidator,org.pitest.mutationtest.engine.gregor.mutators.NegateConditionalsMutator,validate,39,KILLED,si.confreg.registration.domain.RegistrationValidatorTest.[engine:junit-jupiter]/[class:si.confreg.registration.domain.RegistrationValidatorTest]/[test-template:rejectsUnknownPayerType(java.lang.String)]/[test-template-invocation:#4]
RegistrationValidator.java,si.confreg.registration.domain.RegistrationValidator,org.pitest.mutationtest.engine.gregor.mutators.NegateConditionalsMutator,validate,42,KILLED,si.confreg.registration.domain.RegistrationValidatorTest.[engine:junit-jupiter]/[class:si.confreg.registration.domain.RegistrationValidatorTest]/[test-template:rejectsUnknownPayerType(java.lang.String)]/[test-template-invocation:#4]
RegistrationValidator.java,si.confreg.registration.domain.RegistrationValidator,org.pitest.mutationtest.engine.gregor.mutators.NegateConditionalsMutator,validate,44,KILLED,si.confreg.registration.domain.RegistrationValidatorTest.[engine:junit-jupiter]/[class:si.confreg.registration.domain.RegistrationValidatorTest]/[test-template:rejectsUnknownPayerType(java.lang.String)]/[test-template-invocation:#4]
RegistrationValidator.java,si.confreg.registration.domain.RegistrationValidator,org.pitest.mutationtest.engine.gregor.mutators.NegateConditionalsMutator,validate,47,KILLED,si.confreg.registration.domain.RegistrationValidatorTest.[engine:junit-jupiter]/[class:si.confreg.registration.domain.RegistrationValidatorTest]/[method:controlCharactersRejectedExceptLineBreaksInAddress()]
RegistrationValidator.java,si.confreg.registration.domain.RegistrationValidator,org.pitest.mutationtest.engine.gregor.mutators.VoidMethodCallMutator,validate,34,KILLED,si.confreg.registration.domain.RegistrationValidatorTest.[engine:junit-jupiter]/[class:si.confreg.registration.domain.RegistrationValidatorTest]/[method:collectsEveryMissingRequiredField()]
RegistrationValidator.java,si.confreg.registration.domain.RegistrationValidator,org.pitest.mutationtest.engine.gregor.mutators.VoidMethodCallMutator,validate,35,KILLED,si.confreg.registration.domain.RegistrationValidatorTest.[engine:junit-jupiter]/[class:si.confreg.registration.domain.RegistrationValidatorTest]/[method:collectsEveryMissingRequiredField()]
RegistrationValidator.java,si.confreg.registration.domain.RegistrationValidator,org.pitest.mutationtest.engine.gregor.mutators.VoidMethodCallMutator,validate,36,KILLED,si.confreg.registration.domain.RegistrationValidatorTest.[engine:junit-jupiter]/[class:si.confreg.registration.domain.RegistrationValidatorTest]/[method:collectsEveryMissingRequiredField()]
RegistrationValidator.java,si.confreg.registration.domain.RegistrationValidator,org.pitest.mutationtest.engine.gregor.mutators.VoidMethodCallMutator,validate,48,KILLED,si.confreg.registration.domain.RegistrationValidatorTest.[engine:junit-jupiter]/[class:si.confreg.registration.domain.RegistrationValidatorTest]/[method:controlCharactersRejectedExceptLineBreaksInAddress()]
RegistrationValidator.java,si.confreg.registration.domain.RegistrationValidator,org.pitest.mutationtest.engine.gregor.mutators.VoidMethodCallMutator,validate,49,KILLED,si.confreg.registration.domain.RegistrationValidatorTest.[engine:junit-jupiter]/[class:si.confreg.registration.domain.RegistrationValidatorTest]/[method:privateRejectsEachCompanyField()]
RegistrationValidator.java,si.confreg.registration.domain.RegistrationValidator,org.pitest.mutationtest.engine.gregor.mutators.VoidMethodCallMutator,validate,56,KILLED,si.confreg.registration.domain.RegistrationValidatorTest.[engine:junit-jupiter]/[class:si.confreg.registration.domain.RegistrationValidatorTest]/[method:controlCharactersRejectedExceptLineBreaksInAddress()]
RegistrationValidator.java,si.confreg.registration.domain.RegistrationValidator,org.pitest.mutationtest.engine.gregor.mutators.VoidMethodCallMutator,validate,58,KILLED,si.confreg.registration.domain.RegistrationValidatorTest.[engine:junit-jupiter]/[class:si.confreg.registration.domain.RegistrationValidatorTest]/[method:workshopRules()]
RegistrationValidator.java,si.confreg.registration.domain.RegistrationValidator,org.pitest.mutationtest.engine.gregor.mutators.returns.EmptyObjectReturnValsMutator,validate,59,KILLED,si.confreg.registration.domain.RegistrationValidatorTest.[engine:junit-jupiter]/[class:si.confreg.registration.domain.RegistrationValidatorTest]/[method:collectsEveryMissingRequiredField()]
RegistrationValidator.java,si.confreg.registration.domain.RegistrationValidator,org.pitest.mutationtest.engine.gregor.mutators.ConditionalsBoundaryMutator,workshops,98,KILLED,si.confreg.registration.domain.RegistrationValidatorTest.[engine:junit-jupiter]/[class:si.confreg.registration.domain.RegistrationValidatorTest]/[method:validPrivateAndCompanyRegistrationsHaveNoErrors()]
RegistrationValidator.java,si.confreg.registration.domain.RegistrationValidator,org.pitest.mutationtest.engine.gregor.mutators.NegateConditionalsMutator,workshops,98,KILLED,si.confreg.registration.domain.RegistrationValidatorTest.[engine:junit-jupiter]/[class:si.confreg.registration.domain.RegistrationValidatorTest]/[method:collectsEveryMissingRequiredField()]
RegistrationValidator.java,si.confreg.registration.domain.RegistrationValidator,org.pitest.mutationtest.engine.gregor.mutators.NegateConditionalsMutator,workshops,100,KILLED,si.confreg.registration.domain.RegistrationValidatorTest.[engine:junit-jupiter]/[class:si.confreg.registration.domain.RegistrationValidatorTest]/[method:collectsEveryMissingRequiredField()]
RegistrationValidator.java,si.confreg.registration.domain.RegistrationValidator,org.pitest.mutationtest.engine.gregor.mutators.NegateConditionalsMutator,workshops,101,KILLED,si.confreg.registration.domain.RegistrationValidatorTest.[engine:junit-jupiter]/[class:si.confreg.registration.domain.RegistrationValidatorTest]/[method:validPrivateAndCompanyRegistrationsHaveNoErrors()]
RegistrationValidator.java,si.confreg.registration.domain.RegistrationValidator,org.pitest.mutationtest.engine.gregor.mutators.NegateConditionalsMutator,workshops,101,KILLED,si.confreg.registration.domain.RegistrationValidatorTest.[engine:junit-jupiter]/[class:si.confreg.registration.domain.RegistrationValidatorTest]/[method:validPrivateAndCompanyRegistrationsHaveNoErrors()]
RateLimitFilter.java,si.confreg.registration.security.RateLimitFilter,org.pitest.mutationtest.engine.gregor.mutators.ConditionalsBoundaryMutator,doFilterInternal,46,SURVIVED,none
RateLimitFilter.java,si.confreg.registration.security.RateLimitFilter,org.pitest.mutationtest.engine.gregor.mutators.ConditionalsBoundaryMutator,doFilterInternal,56,KILLED,si.confreg.registration.security.SecurityFiltersTest.[engine:junit-jupiter]/[class:si.confreg.registration.security.SecurityFiltersTest]/[method:rateLimitPerClientAndWindow()]
RateLimitFilter.java,si.confreg.registration.security.RateLimitFilter,org.pitest.mutationtest.engine.gregor.mutators.MathMutator,doFilterInternal,45,KILLED,si.confreg.registration.security.SecurityFiltersTest.[engine:junit-jupiter]/[class:si.confreg.registration.security.SecurityFiltersTest]/[method:rateLimitPerClientAndWindow()]
RateLimitFilter.java,si.confreg.registration.security.RateLimitFilter,org.pitest.mutationtest.engine.gregor.mutators.MathMutator,doFilterInternal,45,KILLED,si.confreg.registration.security.SecurityFiltersTest.[engine:junit-jupiter]/[class:si.confreg.registration.security.SecurityFiltersTest]/[method:rateLimitPerClientAndWindow()]
RateLimitFilter.java,si.confreg.registration.security.RateLimitFilter,org.pitest.mutationtest.engine.gregor.mutators.MathMutator,doFilterInternal,57,KILLED,si.confreg.registration.security.SecurityFiltersTest.[engine:junit-jupiter]/[class:si.confreg.registration.security.SecurityFiltersTest]/[method:rateLimitPerClientAndWindow()]
RateLimitFilter.java,si.confreg.registration.security.RateLimitFilter,org.pitest.mutationtest.engine.gregor.mutators.MathMutator,doFilterInternal,57,KILLED,si.confreg.registration.security.SecurityFiltersTest.[engine:junit-jupiter]/[class:si.confreg.registration.security.SecurityFiltersTest]/[method:rateLimitPerClientAndWindow()]
RateLimitFilter.java,si.confreg.registration.security.RateLimitFilter,org.pitest.mutationtest.engine.gregor.mutators.MathMutator,doFilterInternal,57,KILLED,si.confreg.registration.security.SecurityFiltersTest.[engine:junit-jupiter]/[class:si.confreg.registration.security.SecurityFiltersTest]/[method:rateLimitPerClientAndWindow()]
RateLimitFilter.java,si.confreg.registration.security.RateLimitFilter,org.pitest.mutationtest.engine.gregor.mutators.MathMutator,doFilterInternal,57,KILLED,si.confreg.registration.security.SecurityFiltersTest.[engine:junit-jupiter]/[class:si.confreg.registration.security.SecurityFiltersTest]/[method:rateLimitPerClientAndWindow()]
RateLimitFilter.java,si.confreg.registration.security.RateLimitFilter,org.pitest.mutationtest.engine.gregor.mutators.NegateConditionalsMutator,doFilterInternal,46,SURVIVED,none
RateLimitFilter.java,si.confreg.registration.security.RateLimitFilter,org.pitest.mutationtest.engine.gregor.mutators.NegateConditionalsMutator,doFilterInternal,56,KILLED,si.confreg.registration.security.SecurityFiltersTest.[engine:junit-jupiter]/[class:si.confreg.registration.security.SecurityFiltersTest]/[method:rateLimitPerClientAndWindow()]
RateLimitFilter.java,si.confreg.registration.security.RateLimitFilter,org.pitest.mutationtest.engine.gregor.mutators.VoidMethodCallMutator,doFilterInternal,58,KILLED,si.confreg.registration.security.SecurityFiltersTest.[engine:junit-jupiter]/[class:si.confreg.registration.security.SecurityFiltersTest]/[method:rateLimitPerClientAndWindow()]
RateLimitFilter.java,si.confreg.registration.security.RateLimitFilter,org.pitest.mutationtest.engine.gregor.mutators.VoidMethodCallMutator,doFilterInternal,59,KILLED,si.confreg.registration.security.SecurityFiltersTest.[engine:junit-jupiter]/[class:si.confreg.registration.security.SecurityFiltersTest]/[method:rateLimitPerClientAndWindow()]
RateLimitFilter.java,si.confreg.registration.security.RateLimitFilter,org.pitest.mutationtest.engine.gregor.mutators.VoidMethodCallMutator,doFilterInternal,63,KILLED,si.confreg.registration.security.SecurityFiltersTest.[engine:junit-jupiter]/[class:si.confreg.registration.security.SecurityFiltersTest]/[method:rateLimitPerClientAndWindow()]
RateLimitFilter.java,si.confreg.registration.security.RateLimitFilter,org.pitest.mutationtest.engine.gregor.mutators.ConditionalsBoundaryMutator,lambda$doFilterInternal$0,47,SURVIVED,none
RateLimitFilter.java,si.confreg.registration.security.RateLimitFilter,org.pitest.mutationtest.engine.gregor.mutators.NegateConditionalsMutator,lambda$doFilterInternal$0,47,SURVIVED,none
RateLimitFilter.java,si.confreg.registration.security.RateLimitFilter,org.pitest.mutationtest.engine.gregor.mutators.returns.BooleanTrueReturnValsMutator,lambda$doFilterInternal$0,47,SURVIVED,none
RateLimitFilter.java,si.confreg.registration.security.RateLimitFilter,org.pitest.mutationtest.engine.gregor.mutators.NegateConditionalsMutator,lambda$doFilterInternal$1,53,KILLED,si.confreg.registration.security.SecurityFiltersTest.[engine:junit-jupiter]/[class:si.confreg.registration.security.SecurityFiltersTest]/[method:rateLimitPerClientAndWindow()]
RateLimitFilter.java,si.confreg.registration.security.RateLimitFilter,org.pitest.mutationtest.engine.gregor.mutators.NegateConditionalsMutator,lambda$doFilterInternal$1,53,KILLED,si.confreg.registration.security.SecurityFiltersTest.[engine:junit-jupiter]/[class:si.confreg.registration.security.SecurityFiltersTest]/[method:rateLimitPerClientAndWindow()]
RateLimitFilter.java,si.confreg.registration.security.RateLimitFilter,org.pitest.mutationtest.engine.gregor.mutators.returns.NullReturnValsMutator,lambda$doFilterInternal$1,53,KILLED,si.confreg.registration.security.SecurityFiltersTest.[engine:junit-jupiter]/[class:si.confreg.registration.security.SecurityFiltersTest]/[method:rateLimitPerClientAndWindow()]
RateLimitFilter.java,si.confreg.registration.security.RateLimitFilter,org.pitest.mutationtest.engine.gregor.mutators.NegateConditionalsMutator,shouldNotFilter,37,KILLED,si.confreg.registration.security.SecurityFiltersTest.[engine:junit-jupiter]/[class:si.confreg.registration.security.SecurityFiltersTest]/[method:rateLimitAppliesOnlyToApi()]
RateLimitFilter.java,si.confreg.registration.security.RateLimitFilter,org.pitest.mutationtest.engine.gregor.mutators.returns.BooleanTrueReturnValsMutator,shouldNotFilter,37,KILLED,si.confreg.registration.security.SecurityFiltersTest.[engine:junit-jupiter]/[class:si.confreg.registration.security.SecurityFiltersTest]/[method:rateLimitPerClientAndWindow()]
Registration.java,si.confreg.registration.domain.Registration,org.pitest.mutationtest.engine.gregor.mutators.NegateConditionalsMutator,create,76,KILLED,si.confreg.registration.domain.RegistrationTest.[engine:junit-jupiter]/[class:si.confreg.registration.domain.RegistrationTest]/[method:companyRegistrationKeepsCompanyFieldsAndWorkshop()]
Registration.java,si.confreg.registration.domain.Registration,org.pitest.mutationtest.engine.gregor.mutators.NegateConditionalsMutator,create,81,KILLED,si.confreg.registration.domain.RegistrationTest.[engine:junit-jupiter]/[class:si.confreg.registration.domain.RegistrationTest]/[method:privateRegistrationHasNoCompanyFieldsOrWorkshop()]
Registration.java,si.confreg.registration.domain.Registration,org.pitest.mutationtest.engine.gregor.mutators.returns.NullReturnValsMutator,create,86,KILLED,si.confreg.registration.domain.RegistrationTest.[engine:junit-jupiter]/[class:si.confreg.registration.domain.RegistrationTest]/[method:privateRegistrationHasNoCompanyFieldsOrWorkshop()]
Registration.java,si.confreg.registration.domain.Registration,org.pitest.mutationtest.engine.gregor.mutators.returns.EmptyObjectReturnValsMutator,getCompanyAddress,114,KILLED,si.confreg.registration.domain.RegistrationTest.[engine:junit-jupiter]/[class:si.confreg.registration.domain.RegistrationTest]/[method:privateRegistrationHasNoCompanyFieldsOrWorkshop()]
Registration.java,si.confreg.registration.domain.Registration,org.pitest.mutationtest.engine.gregor.mutators.returns.EmptyObjectReturnValsMutator,getCompanyName,110,KILLED,si.confreg.registration.domain.RegistrationTest.[engine:junit-jupiter]/[class:si.confreg.registration.domain.RegistrationTest]/[method:privateRegistrationHasNoCompanyFieldsOrWorkshop()]
Registration.java,si.confreg.registration.domain.Registration,org.pitest.mutationtest.engine.gregor.mutators.returns.EmptyObjectReturnValsMutator,getCompanyVatId,118,KILLED,si.confreg.registration.domain.RegistrationTest.[engine:junit-jupiter]/[class:si.confreg.registration.domain.RegistrationTest]/[method:privateRegistrationHasNoCompanyFieldsOrWorkshop()]
Registration.java,si.confreg.registration.domain.Registration,org.pitest.mutationtest.engine.gregor.mutators.returns.NullReturnValsMutator,getCreatedAt,138,KILLED,si.confreg.registration.domain.RegistrationTest.[engine:junit-jupiter]/[class:si.confreg.registration.domain.RegistrationTest]/[method:companyRegistrationKeepsCompanyFieldsAndWorkshop()]
Registration.java,si.confreg.registration.domain.Registration,org.pitest.mutationtest.engine.gregor.mutators.returns.EmptyObjectReturnValsMutator,getEmail,102,KILLED,si.confreg.registration.domain.RegistrationTest.[engine:junit-jupiter]/[class:si.confreg.registration.domain.RegistrationTest]/[method:privateRegistrationHasNoCompanyFieldsOrWorkshop()]
Registration.java,si.confreg.registration.domain.Registration,org.pitest.mutationtest.engine.gregor.mutators.returns.EmptyObjectReturnValsMutator,getFirstName,94,KILLED,si.confreg.registration.domain.RegistrationTest.[engine:junit-jupiter]/[class:si.confreg.registration.domain.RegistrationTest]/[method:companyRegistrationKeepsCompanyFieldsAndWorkshop()]
Registration.java,si.confreg.registration.domain.Registration,org.pitest.mutationtest.engine.gregor.mutators.returns.NullReturnValsMutator,getGrossFee,134,KILLED,si.confreg.registration.domain.RegistrationTest.[engine:junit-jupiter]/[class:si.confreg.registration.domain.RegistrationTest]/[method:companyRegistrationKeepsCompanyFieldsAndWorkshop()]
Registration.java,si.confreg.registration.domain.Registration,org.pitest.mutationtest.engine.gregor.mutators.returns.EmptyObjectReturnValsMutator,getLastName,98,KILLED,si.confreg.registration.domain.RegistrationTest.[engine:junit-jupiter]/[class:si.confreg.registration.domain.RegistrationTest]/[method:privateRegistrationHasNoCompanyFieldsOrWorkshop()]
Registration.java,si.confreg.registration.domain.Registration,org.pitest.mutationtest.engine.gregor.mutators.returns.NullReturnValsMutator,getNetFee,126,KILLED,si.confreg.registration.domain.RegistrationTest.[engine:junit-jupiter]/[class:si.confreg.registration.domain.RegistrationTest]/[method:companyRegistrationKeepsCompanyFieldsAndWorkshop()]
Registration.java,si.confreg.registration.domain.Registration,org.pitest.mutationtest.engine.gregor.mutators.returns.NullReturnValsMutator,getPayerType,106,KILLED,si.confreg.registration.domain.RegistrationTest.[engine:junit-jupiter]/[class:si.confreg.registration.domain.RegistrationTest]/[method:privateRegistrationHasNoCompanyFieldsOrWorkshop()]
Registration.java,si.confreg.registration.domain.Registration,org.pitest.mutationtest.engine.gregor.mutators.returns.EmptyObjectReturnValsMutator,getRegistrationNumber,90,KILLED,si.confreg.registration.domain.RegistrationTest.[engine:junit-jupiter]/[class:si.confreg.registration.domain.RegistrationTest]/[method:companyRegistrationKeepsCompanyFieldsAndWorkshop()]
Registration.java,si.confreg.registration.domain.Registration,org.pitest.mutationtest.engine.gregor.mutators.returns.NullReturnValsMutator,getVat,130,KILLED,si.confreg.registration.domain.RegistrationTest.[engine:junit-jupiter]/[class:si.confreg.registration.domain.RegistrationTest]/[method:companyRegistrationKeepsCompanyFieldsAndWorkshop()]
Registration.java,si.confreg.registration.domain.Registration,org.pitest.mutationtest.engine.gregor.mutators.returns.EmptyObjectReturnValsMutator,getWorkshop,122,KILLED,si.confreg.registration.domain.RegistrationTest.[engine:junit-jupiter]/[class:si.confreg.registration.domain.RegistrationTest]/[method:privateRegistrationHasNoCompanyFieldsOrWorkshop()]
InsecureCredentialsFilter.java,si.confreg.registration.security.InsecureCredentialsFilter,org.pitest.mutationtest.engine.gregor.mutators.NegateConditionalsMutator,doFilterInternal,30,KILLED,si.confreg.registration.security.SecurityFiltersTest.[engine:junit-jupiter]/[class:si.confreg.registration.security.SecurityFiltersTest]/[method:requestsWithoutCredentialsPass()]
InsecureCredentialsFilter.java,si.confreg.registration.security.InsecureCredentialsFilter,org.pitest.mutationtest.engine.gregor.mutators.NegateConditionalsMutator,doFilterInternal,30,KILLED,si.confreg.registration.security.SecurityFiltersTest.[engine:junit-jupiter]/[class:si.confreg.registration.security.SecurityFiltersTest]/[method:credentialsAcceptedOverHttpsLoopbackOrWhenAllowed()]
InsecureCredentialsFilter.java,si.confreg.registration.security.InsecureCredentialsFilter,org.pitest.mutationtest.engine.gregor.mutators.NegateConditionalsMutator,doFilterInternal,32,KILLED,si.confreg.registration.security.SecurityFiltersTest.[engine:junit-jupiter]/[class:si.confreg.registration.security.SecurityFiltersTest]/[method:credentialsAcceptedOverHttpsLoopbackOrWhenAllowed()]
InsecureCredentialsFilter.java,si.confreg.registration.security.InsecureCredentialsFilter,org.pitest.mutationtest.engine.gregor.mutators.NegateConditionalsMutator,doFilterInternal,33,KILLED,si.confreg.registration.security.SecurityFiltersTest.[engine:junit-jupiter]/[class:si.confreg.registration.security.SecurityFiltersTest]/[method:credentialsAcceptedOverHttpsLoopbackOrWhenAllowed()]
InsecureCredentialsFilter.java,si.confreg.registration.security.InsecureCredentialsFilter,org.pitest.mutationtest.engine.gregor.mutators.VoidMethodCallMutator,doFilterInternal,34,KILLED,si.confreg.registration.security.SecurityFiltersTest.[engine:junit-jupiter]/[class:si.confreg.registration.security.SecurityFiltersTest]/[method:credentialsOverPlainHttpFromRemoteClientRefused()]
InsecureCredentialsFilter.java,si.confreg.registration.security.InsecureCredentialsFilter,org.pitest.mutationtest.engine.gregor.mutators.VoidMethodCallMutator,doFilterInternal,38,KILLED,si.confreg.registration.security.SecurityFiltersTest.[engine:junit-jupiter]/[class:si.confreg.registration.security.SecurityFiltersTest]/[method:requestsWithoutCredentialsPass()]
InsecureCredentialsFilter.java,si.confreg.registration.security.InsecureCredentialsFilter,org.pitest.mutationtest.engine.gregor.mutators.NegateConditionalsMutator,isLoopback,42,KILLED,si.confreg.registration.security.SecurityFiltersTest.[engine:junit-jupiter]/[class:si.confreg.registration.security.SecurityFiltersTest]/[method:nullAddressIsNotLoopback()]
InsecureCredentialsFilter.java,si.confreg.registration.security.InsecureCredentialsFilter,org.pitest.mutationtest.engine.gregor.mutators.NegateConditionalsMutator,isLoopback,42,KILLED,si.confreg.registration.security.SecurityFiltersTest.[engine:junit-jupiter]/[class:si.confreg.registration.security.SecurityFiltersTest]/[test-template:loopbackLiteralsAreLoopback(java.lang.String)]/[test-template-invocation:#1]
InsecureCredentialsFilter.java,si.confreg.registration.security.InsecureCredentialsFilter,org.pitest.mutationtest.engine.gregor.mutators.NegateConditionalsMutator,isLoopback,45,KILLED,si.confreg.registration.security.SecurityFiltersTest.[engine:junit-jupiter]/[class:si.confreg.registration.security.SecurityFiltersTest]/[test-template:onlyLoopbackLiteralsAreLoopback(java.lang.String)]/[test-template-invocation:#1]
InsecureCredentialsFilter.java,si.confreg.registration.security.InsecureCredentialsFilter,org.pitest.mutationtest.engine.gregor.mutators.returns.BooleanFalseReturnValsMutator,isLoopback,49,KILLED,si.confreg.registration.security.SecurityFiltersTest.[engine:junit-jupiter]/[class:si.confreg.registration.security.SecurityFiltersTest]/[test-template:loopbackLiteralsAreLoopback(java.lang.String)]/[test-template-invocation:#1]
InsecureCredentialsFilter.java,si.confreg.registration.security.InsecureCredentialsFilter,org.pitest.mutationtest.engine.gregor.mutators.returns.BooleanTrueReturnValsMutator,isLoopback,43,KILLED,si.confreg.registration.security.SecurityFiltersTest.[engine:junit-jupiter]/[class:si.confreg.registration.security.SecurityFiltersTest]/[method:nullAddressIsNotLoopback()]
InsecureCredentialsFilter.java,si.confreg.registration.security.InsecureCredentialsFilter,org.pitest.mutationtest.engine.gregor.mutators.returns.BooleanTrueReturnValsMutator,isLoopback,46,KILLED,si.confreg.registration.security.SecurityFiltersTest.[engine:junit-jupiter]/[class:si.confreg.registration.security.SecurityFiltersTest]/[test-template:onlyLoopbackLiteralsAreLoopback(java.lang.String)]/[test-template-invocation:#1]
InsecureCredentialsFilter.java,si.confreg.registration.security.InsecureCredentialsFilter,org.pitest.mutationtest.engine.gregor.mutators.returns.BooleanTrueReturnValsMutator,isLoopback,49,KILLED,si.confreg.registration.security.SecurityFiltersTest.[engine:junit-jupiter]/[class:si.confreg.registration.security.SecurityFiltersTest]/[test-template:onlyLoopbackLiteralsAreLoopback(java.lang.String)]/[test-template-invocation:#4]
InsecureCredentialsFilter.java,si.confreg.registration.security.InsecureCredentialsFilter,org.pitest.mutationtest.engine.gregor.mutators.returns.BooleanTrueReturnValsMutator,isLoopback,51,NO_COVERAGE,none
BodySizeLimitFilter.java,si.confreg.registration.security.BodySizeLimitFilter,org.pitest.mutationtest.engine.gregor.mutators.ConditionalsBoundaryMutator,doFilterInternal,39,KILLED,si.confreg.registration.security.SecurityFiltersTest.[engine:junit-jupiter]/[class:si.confreg.registration.security.SecurityFiltersTest]/[method:bodyAtLimitIsPassedOnUnchanged()]
BodySizeLimitFilter.java,si.confreg.registration.security.BodySizeLimitFilter,org.pitest.mutationtest.engine.gregor.mutators.ConditionalsBoundaryMutator,doFilterInternal,47,KILLED,si.confreg.registration.security.SecurityFiltersTest.[engine:junit-jupiter]/[class:si.confreg.registration.security.SecurityFiltersTest]/[method:bodyAtLimitIsPassedOnUnchanged()]
BodySizeLimitFilter.java,si.confreg.registration.security.BodySizeLimitFilter,org.pitest.mutationtest.engine.gregor.mutators.NegateConditionalsMutator,doFilterInternal,39,KILLED,si.confreg.registration.security.SecurityFiltersTest.[engine:junit-jupiter]/[class:si.confreg.registration.security.SecurityFiltersTest]/[method:readerSeesBufferedBody()]
BodySizeLimitFilter.java,si.confreg.registration.security.BodySizeLimitFilter,org.pitest.mutationtest.engine.gregor.mutators.NegateConditionalsMutator,doFilterInternal,47,KILLED,si.confreg.registration.security.SecurityFiltersTest.[engine:junit-jupiter]/[class:si.confreg.registration.security.SecurityFiltersTest]/[method:readerSeesBufferedBody()]
BodySizeLimitFilter.java,si.confreg.registration.security.BodySizeLimitFilter,org.pitest.mutationtest.engine.gregor.mutators.VoidMethodCallMutator,doFilterInternal,40,KILLED,si.confreg.registration.security.SecurityFiltersTest.[engine:junit-jupiter]/[class:si.confreg.registration.security.SecurityFiltersTest]/[method:bodyOverLimitIsRefusedWhileReading()]
BodySizeLimitFilter.java,si.confreg.registration.security.BodySizeLimitFilter,org.pitest.mutationtest.engine.gregor.mutators.VoidMethodCallMutator,doFilterInternal,48,NO_COVERAGE,none
BodySizeLimitFilter.java,si.confreg.registration.security.BodySizeLimitFilter,org.pitest.mutationtest.engine.gregor.mutators.VoidMethodCallMutator,doFilterInternal,51,KILLED,si.confreg.registration.security.SecurityFiltersTest.[engine:junit-jupiter]/[class:si.confreg.registration.security.SecurityFiltersTest]/[method:readerSeesBufferedBody()]
BodySizeLimitFilter.java,si.confreg.registration.security.BodySizeLimitFilter,org.pitest.mutationtest.engine.gregor.mutators.NegateConditionalsMutator,shouldNotFilter,32,KILLED,si.confreg.registration.security.SecurityFiltersTest.[engine:junit-jupiter]/[class:si.confreg.registration.security.SecurityFiltersTest]/[method:bodyOverLimitIsRefusedWhileReading()]
BodySizeLimitFilter.java,si.confreg.registration.security.BodySizeLimitFilter,org.pitest.mutationtest.engine.gregor.mutators.NegateConditionalsMutator,shouldNotFilter,32,KILLED,si.confreg.registration.security.SecurityFiltersTest.[engine:junit-jupiter]/[class:si.confreg.registration.security.SecurityFiltersTest]/[method:getRequestsAreNotBuffered()]
BodySizeLimitFilter.java,si.confreg.registration.security.BodySizeLimitFilter,org.pitest.mutationtest.engine.gregor.mutators.NegateConditionalsMutator,shouldNotFilter,32,KILLED,si.confreg.registration.security.SecurityFiltersTest.[engine:junit-jupiter]/[class:si.confreg.registration.security.SecurityFiltersTest]/[method:getRequestsAreNotBuffered()]
BodySizeLimitFilter.java,si.confreg.registration.security.BodySizeLimitFilter,org.pitest.mutationtest.engine.gregor.mutators.returns.BooleanTrueReturnValsMutator,shouldNotFilter,32,KILLED,si.confreg.registration.security.SecurityFiltersTest.[engine:junit-jupiter]/[class:si.confreg.registration.security.SecurityFiltersTest]/[method:bodyOverLimitIsRefusedWhileReading()]
TestClockFilter.java,si.confreg.registration.time.TestClockFilter,org.pitest.mutationtest.engine.gregor.mutators.NegateConditionalsMutator,doFilterInternal,32,KILLED,si.confreg.registration.time.AppClockTest.[engine:junit-jupiter]/[class:si.confreg.registration.time.AppClockTest]/[method:enabledFilterSetsTestInstantForTheRequest()]
TestClockFilter.java,si.confreg.registration.time.TestClockFilter,org.pitest.mutationtest.engine.gregor.mutators.NegateConditionalsMutator,doFilterInternal,33,KILLED,si.confreg.registration.time.AppClockTest.[engine:junit-jupiter]/[class:si.confreg.registration.time.AppClockTest]/[method:enabledFilterSetsTestInstantForTheRequest()]
TestClockFilter.java,si.confreg.registration.time.TestClockFilter,org.pitest.mutationtest.engine.gregor.mutators.VoidMethodCallMutator,doFilterInternal,35,KILLED,si.confreg.registration.time.AppClockTest.[engine:junit-jupiter]/[class:si.confreg.registration.time.AppClockTest]/[method:enabledFilterSetsTestInstantForTheRequest()]
TestClockFilter.java,si.confreg.registration.time.TestClockFilter,org.pitest.mutationtest.engine.gregor.mutators.VoidMethodCallMutator,doFilterInternal,37,KILLED,si.confreg.registration.time.AppClockTest.[engine:junit-jupiter]/[class:si.confreg.registration.time.AppClockTest]/[method:invalidTestInstantIsBadRequest()]
TestClockFilter.java,si.confreg.registration.time.TestClockFilter,org.pitest.mutationtest.engine.gregor.mutators.VoidMethodCallMutator,doFilterInternal,38,KILLED,si.confreg.registration.time.AppClockTest.[engine:junit-jupiter]/[class:si.confreg.registration.time.AppClockTest]/[method:invalidTestInstantIsBadRequest()]
TestClockFilter.java,si.confreg.registration.time.TestClockFilter,org.pitest.mutationtest.engine.gregor.mutators.VoidMethodCallMutator,doFilterInternal,39,SURVIVED,none
TestClockFilter.java,si.confreg.registration.time.TestClockFilter,org.pitest.mutationtest.engine.gregor.mutators.VoidMethodCallMutator,doFilterInternal,42,SURVIVED,none
TestClockFilter.java,si.confreg.registration.time.TestClockFilter,org.pitest.mutationtest.engine.gregor.mutators.VoidMethodCallMutator,doFilterInternal,48,KILLED,si.confreg.registration.time.AppClockTest.[engine:junit-jupiter]/[class:si.confreg.registration.time.AppClockTest]/[method:enabledFilterSetsTestInstantForTheRequest()]
RegistrationInput.java,si.confreg.registration.domain.RegistrationInput,org.pitest.mutationtest.engine.gregor.mutators.NegateConditionalsMutator,<init>,30,KILLED,si.confreg.registration.domain.RegistrationTest.[engine:junit-jupiter]/[class:si.confreg.registration.domain.RegistrationTest]/[method:inputNormalisesBlankToNullAndCopiesWorkshops()]
RegistrationInput.java,si.confreg.registration.domain.RegistrationInput,org.pitest.mutationtest.engine.gregor.mutators.NegateConditionalsMutator,copy,50,KILLED,si.confreg.registration.domain.RegistrationTest.[engine:junit-jupiter]/[class:si.confreg.registration.domain.RegistrationTest]/[method:inputNormalisesBlankToNullAndCopiesWorkshops()]
RegistrationInput.java,si.confreg.registration.domain.RegistrationInput,org.pitest.mutationtest.engine.gregor.mutators.returns.EmptyObjectReturnValsMutator,copy,52,KILLED,si.confreg.registration.domain.RegistrationTest.[engine:junit-jupiter]/[class:si.confreg.registration.domain.RegistrationTest]/[method:inputNormalisesBlankToNullAndCopiesWorkshops()]
RegistrationInput.java,si.confreg.registration.domain.RegistrationInput,org.pitest.mutationtest.engine.gregor.mutators.NegateConditionalsMutator,normalize,40,KILLED,si.confreg.registration.domain.RegistrationTest.[engine:junit-jupiter]/[class:si.confreg.registration.domain.RegistrationTest]/[method:inputNormalisesBlankToNullAndCopiesWorkshops()]
RegistrationInput.java,si.confreg.registration.domain.RegistrationInput,org.pitest.mutationtest.engine.gregor.mutators.NegateConditionalsMutator,normalize,44,KILLED,si.confreg.registration.domain.RegistrationTest.[engine:junit-jupiter]/[class:si.confreg.registration.domain.RegistrationTest]/[method:inputNormalisesBlankToNullAndCopiesWorkshops()]
RegistrationInput.java,si.confreg.registration.domain.RegistrationInput,org.pitest.mutationtest.engine.gregor.mutators.returns.EmptyObjectReturnValsMutator,normalize,41,KILLED,si.confreg.registration.domain.RegistrationValidatorTest.[engine:junit-jupiter]/[class:si.confreg.registration.domain.RegistrationValidatorTest]/[method:collectsEveryMissingRequiredField()]
RegistrationInput.java,si.confreg.registration.domain.RegistrationInput,org.pitest.mutationtest.engine.gregor.mutators.returns.EmptyObjectReturnValsMutator,normalize,44,KILLED,si.confreg.registration.domain.RegistrationTest.[engine:junit-jupiter]/[class:si.confreg.registration.domain.RegistrationTest]/[method:inputNormalisesBlankToNullAndCopiesWorkshops()]
RegistrationInput.java,si.confreg.registration.domain.RegistrationInput,org.pitest.mutationtest.engine.gregor.mutators.returns.EmptyObjectReturnValsMutator,workshops,36,KILLED,si.confreg.registration.domain.RegistrationTest.[engine:junit-jupiter]/[class:si.confreg.registration.domain.RegistrationTest]/[method:inputNormalisesBlankToNullAndCopiesWorkshops()]
ConfirmationMailer.java,si.confreg.registration.mail.ConfirmationMailer,org.pitest.mutationtest.engine.gregor.mutators.NegateConditionalsMutator,sendConfirmation,34,SURVIVED,none
ConfirmationMailer.java,si.confreg.registration.mail.ConfirmationMailer,org.pitest.mutationtest.engine.gregor.mutators.VoidMethodCallMutator,sendConfirmation,43,KILLED,si.confreg.registration.mail.ConfirmationMailerTest.[engine:junit-jupiter]/[class:si.confreg.registration.mail.ConfirmationMailerTest]/[method:sendsPlainTextUtf8MessageToParticipant()]
ConfirmationMailer.java,si.confreg.registration.mail.ConfirmationMailer,org.pitest.mutationtest.engine.gregor.mutators.VoidMethodCallMutator,sendConfirmation,44,KILLED,si.confreg.registration.mail.ConfirmationMailerTest.[engine:junit-jupiter]/[class:si.confreg.registration.mail.ConfirmationMailerTest]/[method:sendsPlainTextUtf8MessageToParticipant()]
ConfirmationMailer.java,si.confreg.registration.mail.ConfirmationMailer,org.pitest.mutationtest.engine.gregor.mutators.VoidMethodCallMutator,sendConfirmation,45,KILLED,si.confreg.registration.mail.ConfirmationMailerTest.[engine:junit-jupiter]/[class:si.confreg.registration.mail.ConfirmationMailerTest]/[method:headerInjectionInNameStaysInBody()]
ConfirmationMailer.java,si.confreg.registration.mail.ConfirmationMailer,org.pitest.mutationtest.engine.gregor.mutators.VoidMethodCallMutator,sendConfirmation,46,KILLED,si.confreg.registration.mail.ConfirmationMailerTest.[engine:junit-jupiter]/[class:si.confreg.registration.mail.ConfirmationMailerTest]/[method:sendsPlainTextUtf8MessageToParticipant()]
ConfirmationMailer.java,si.confreg.registration.mail.ConfirmationMailer,org.pitest.mutationtest.engine.gregor.mutators.VoidMethodCallMutator,sendConfirmation,47,KILLED,si.confreg.registration.mail.ConfirmationMailerTest.[engine:junit-jupiter]/[class:si.confreg.registration.mail.ConfirmationMailerTest]/[method:smtpFailureIsReportedAsNotSent()]
OrganizerAccount.java,si.confreg.registration.config.OrganizerAccount,org.pitest.mutationtest.engine.gregor.mutators.ConditionalsBoundaryMutator,fromEnvironment,25,KILLED,si.confreg.registration.config.AppPropertiesTest.[engine:junit-jupiter]/[class:si.confreg.registration.config.AppPropertiesTest]/[method:organizerAccountRequiresCredentials()]
OrganizerAccount.java,si.confreg.registration.config.OrganizerAccount,org.pitest.mutationtest.engine.gregor.mutators.NegateConditionalsMutator,fromEnvironment,22,KILLED,si.confreg.registration.config.AppPropertiesTest.[engine:junit-jupiter]/[class:si.confreg.registration.config.AppPropertiesTest]/[method:organizerAccountRequiresCredentials()]
OrganizerAccount.java,si.confreg.registration.config.OrganizerAccount,org.pitest.mutationtest.engine.gregor.mutators.NegateConditionalsMutator,fromEnvironment,22,KILLED,si.confreg.registration.config.AppPropertiesTest.[engine:junit-jupiter]/[class:si.confreg.registration.config.AppPropertiesTest]/[method:organizerAccountRequiresCredentials()]
OrganizerAccount.java,si.confreg.registration.config.OrganizerAccount,org.pitest.mutationtest.engine.gregor.mutators.NegateConditionalsMutator,fromEnvironment,25,KILLED,si.confreg.registration.config.AppPropertiesTest.[engine:junit-jupiter]/[class:si.confreg.registration.config.AppPropertiesTest]/[method:organizerAccountRequiresCredentials()]
OrganizerAccount.java,si.confreg.registration.config.OrganizerAccount,org.pitest.mutationtest.engine.gregor.mutators.NegateConditionalsMutator,fromEnvironment,25,KILLED,si.confreg.registration.config.AppPropertiesTest.[engine:junit-jupiter]/[class:si.confreg.registration.config.AppPropertiesTest]/[method:organizerAccountRequiresCredentials()]
OrganizerAccount.java,si.confreg.registration.config.OrganizerAccount,org.pitest.mutationtest.engine.gregor.mutators.returns.NullReturnValsMutator,fromEnvironment,29,KILLED,si.confreg.registration.config.AppPropertiesTest.[engine:junit-jupiter]/[class:si.confreg.registration.config.AppPropertiesTest]/[method:organizerAccountRequiresCredentials()]
SecurityConfiguration.java,si.confreg.registration.security.SecurityConfiguration,org.pitest.mutationtest.engine.gregor.mutators.VoidMethodCallMutator,lambda$securityFilterChain$0,43,NO_COVERAGE,none
SecurityConfiguration.java,si.confreg.registration.security.SecurityConfiguration,org.pitest.mutationtest.engine.gregor.mutators.VoidMethodCallMutator,lambda$securityFilterChain$0,44,NO_COVERAGE,none
SecurityConfiguration.java,si.confreg.registration.security.SecurityConfiguration,org.pitest.mutationtest.engine.gregor.mutators.VoidMethodCallMutator,lambda$securityFilterChain$1,48,NO_COVERAGE,none
SecurityConfiguration.java,si.confreg.registration.security.SecurityConfiguration,org.pitest.mutationtest.engine.gregor.mutators.returns.NullReturnValsMutator,organizers,35,NO_COVERAGE,none
SecurityConfiguration.java,si.confreg.registration.security.SecurityConfiguration,org.pitest.mutationtest.engine.gregor.mutators.returns.NullReturnValsMutator,passwordEncoder,30,NO_COVERAGE,none
SecurityConfiguration.java,si.confreg.registration.security.SecurityConfiguration,org.pitest.mutationtest.engine.gregor.mutators.returns.NullReturnValsMutator,securityFilterChain,91,NO_COVERAGE,none
BodySizeLimitFilter.java,si.confreg.registration.security.BodySizeLimitFilter$BufferedBodyRequest$1,org.pitest.mutationtest.engine.gregor.mutators.NegateConditionalsMutator,isFinished,68,NO_COVERAGE,none
BodySizeLimitFilter.java,si.confreg.registration.security.BodySizeLimitFilter$BufferedBodyRequest$1,org.pitest.mutationtest.engine.gregor.mutators.returns.BooleanTrueReturnValsMutator,isFinished,68,NO_COVERAGE,none
BodySizeLimitFilter.java,si.confreg.registration.security.BodySizeLimitFilter$BufferedBodyRequest$1,org.pitest.mutationtest.engine.gregor.mutators.returns.BooleanFalseReturnValsMutator,isReady,73,NO_COVERAGE,none
BodySizeLimitFilter.java,si.confreg.registration.security.BodySizeLimitFilter$BufferedBodyRequest$1,org.pitest.mutationtest.engine.gregor.mutators.returns.PrimitiveReturnsMutator,read,83,NO_COVERAGE,none
BodySizeLimitFilter.java,si.confreg.registration.security.BodySizeLimitFilter$BufferedBodyRequest$1,org.pitest.mutationtest.engine.gregor.mutators.returns.PrimitiveReturnsMutator,read,88,KILLED,si.confreg.registration.security.SecurityFiltersTest.[engine:junit-jupiter]/[class:si.confreg.registration.security.SecurityFiltersTest]/[method:readerSeesBufferedBody()]
ConfigurationSetup.java,si.confreg.registration.config.ConfigurationSetup,org.pitest.mutationtest.engine.gregor.mutators.VoidMethodCallMutator,afterPropertiesSet,27,KILLED,si.confreg.registration.config.AppPropertiesTest.[engine:junit-jupiter]/[class:si.confreg.registration.config.AppPropertiesTest]/[method:productionProfileCheckedOnStartup()]
ConfigurationSetup.java,si.confreg.registration.config.ConfigurationSetup,org.pitest.mutationtest.engine.gregor.mutators.NegateConditionalsMutator,checkProduction,31,KILLED,si.confreg.registration.config.AppPropertiesTest.[engine:junit-jupiter]/[class:si.confreg.registration.config.AppPropertiesTest]/[method:productionRefusesUnsafeSettings()]
ConfigurationSetup.java,si.confreg.registration.config.ConfigurationSetup,org.pitest.mutationtest.engine.gregor.mutators.NegateConditionalsMutator,checkProduction,34,KILLED,si.confreg.registration.config.AppPropertiesTest.[engine:junit-jupiter]/[class:si.confreg.registration.config.AppPropertiesTest]/[method:productionRefusesUnsafeSettings()]
ConfigurationSetup.java,si.confreg.registration.config.ConfigurationSetup,org.pitest.mutationtest.engine.gregor.mutators.NegateConditionalsMutator,checkProduction,37,KILLED,si.confreg.registration.config.AppPropertiesTest.[engine:junit-jupiter]/[class:si.confreg.registration.config.AppPropertiesTest]/[method:productionRefusesUnsafeSettings()]
ConfigurationSetup.java,si.confreg.registration.config.ConfigurationSetup,org.pitest.mutationtest.engine.gregor.mutators.NegateConditionalsMutator,checkProduction,40,KILLED,si.confreg.registration.config.AppPropertiesTest.[engine:junit-jupiter]/[class:si.confreg.registration.config.AppPropertiesTest]/[method:productionRefusesUnsafeSettings()]
PricingPolicy.java,si.confreg.registration.domain.PricingPolicy,org.pitest.mutationtest.engine.gregor.mutators.returns.BooleanFalseReturnValsMutator,isEarlyBird,42,KILLED,si.confreg.registration.domain.PricingPolicyTest.[engine:junit-jupiter]/[class:si.confreg.registration.domain.PricingPolicyTest]/[method:deadlineDayStartIsEarlyEvenThoughUtcDateIsPreviousDay()]
PricingPolicy.java,si.confreg.registration.domain.PricingPolicy,org.pitest.mutationtest.engine.gregor.mutators.returns.BooleanTrueReturnValsMutator,isEarlyBird,42,KILLED,si.confreg.registration.domain.PricingPolicyTest.[engine:junit-jupiter]/[class:si.confreg.registration.domain.PricingPolicyTest]/[method:earlyUntilLastMillisecondOfDeadlineDayInConferenceZone()]
PricingPolicy.java,si.confreg.registration.domain.PricingPolicy,org.pitest.mutationtest.engine.gregor.mutators.NegateConditionalsMutator,priceAt,36,KILLED,si.confreg.registration.domain.PricingPolicyTest.[engine:junit-jupiter]/[class:si.confreg.registration.domain.PricingPolicyTest]/[method:earlyUntilLastMillisecondOfDeadlineDayInConferenceZone()]
PricingPolicy.java,si.confreg.registration.domain.PricingPolicy,org.pitest.mutationtest.engine.gregor.mutators.returns.NullReturnValsMutator,priceAt,37,KILLED,si.confreg.registration.domain.PricingPolicyTest.[engine:junit-jupiter]/[class:si.confreg.registration.domain.PricingPolicyTest]/[method:earlyUntilLastMillisecondOfDeadlineDayInConferenceZone()]
PricingPolicy.java,si.confreg.registration.domain.PricingPolicy,org.pitest.mutationtest.engine.gregor.mutators.returns.NullReturnValsMutator,split,48,KILLED,si.confreg.registration.domain.PricingPolicyTest.[engine:junit-jupiter]/[class:si.confreg.registration.domain.PricingPolicyTest]/[method:grossWithMoreDecimalsIsRoundedToCents()]
BodySizeLimitFilter.java,si.confreg.registration.security.BodySizeLimitFilter$BufferedBodyRequest,org.pitest.mutationtest.engine.gregor.mutators.returns.PrimitiveReturnsMutator,getContentLength,102,KILLED,si.confreg.registration.security.SecurityFiltersTest.[engine:junit-jupiter]/[class:si.confreg.registration.security.SecurityFiltersTest]/[method:bodyAtLimitIsPassedOnUnchanged()]
BodySizeLimitFilter.java,si.confreg.registration.security.BodySizeLimitFilter$BufferedBodyRequest,org.pitest.mutationtest.engine.gregor.mutators.returns.PrimitiveReturnsMutator,getContentLengthLong,107,NO_COVERAGE,none
BodySizeLimitFilter.java,si.confreg.registration.security.BodySizeLimitFilter$BufferedBodyRequest,org.pitest.mutationtest.engine.gregor.mutators.returns.NullReturnValsMutator,getInputStream,65,KILLED,si.confreg.registration.security.SecurityFiltersTest.[engine:junit-jupiter]/[class:si.confreg.registration.security.SecurityFiltersTest]/[method:readerSeesBufferedBody()]
BodySizeLimitFilter.java,si.confreg.registration.security.BodySizeLimitFilter$BufferedBodyRequest,org.pitest.mutationtest.engine.gregor.mutators.NegateConditionalsMutator,getReader,96,KILLED,si.confreg.registration.security.SecurityFiltersTest.[engine:junit-jupiter]/[class:si.confreg.registration.security.SecurityFiltersTest]/[method:readerSeesBufferedBody()]
BodySizeLimitFilter.java,si.confreg.registration.security.BodySizeLimitFilter$BufferedBodyRequest,org.pitest.mutationtest.engine.gregor.mutators.returns.NullReturnValsMutator,getReader,97,KILLED,si.confreg.registration.security.SecurityFiltersTest.[engine:junit-jupiter]/[class:si.confreg.registration.security.SecurityFiltersTest]/[method:readerSeesBufferedBody()]
RegistrationService.java,si.confreg.registration.service.RegistrationService,org.pitest.mutationtest.engine.gregor.mutators.returns.EmptyObjectReturnValsMutator,find,89,SURVIVED,none
RegistrationService.java,si.confreg.registration.service.RegistrationService,org.pitest.mutationtest.engine.gregor.mutators.NegateConditionalsMutator,register,64,KILLED,si.confreg.registration.service.RegistrationServiceTest.[engine:junit-jupiter]/[class:si.confreg.registration.service.RegistrationServiceTest]/[method:invalidInputIsRejectedBeforeAnythingIsStoredOrSent()]
RegistrationService.java,si.confreg.registration.service.RegistrationService,org.pitest.mutationtest.engine.gregor.mutators.NegateConditionalsMutator,register,80,SURVIVED,none
RegistrationService.java,si.confreg.registration.service.RegistrationService,org.pitest.mutationtest.engine.gregor.mutators.VoidMethodCallMutator,register,75,KILLED,si.confreg.registration.service.RegistrationServiceTest.[engine:junit-jupiter]/[class:si.confreg.registration.service.RegistrationServiceTest]/[method:mailFailureBecomesNotCompleted()]
RegistrationService.java,si.confreg.registration.service.RegistrationService,org.pitest.mutationtest.engine.gregor.mutators.returns.NullReturnValsMutator,register,84,KILLED,si.confreg.registration.service.RegistrationServiceTest.[engine:junit-jupiter]/[class:si.confreg.registration.service.RegistrationServiceTest]/[method:registersPricesNumbersStoresAndConfirms()]
TimeConfiguration.java,si.confreg.registration.time.TimeConfiguration,org.pitest.mutationtest.engine.gregor.mutators.returns.NullReturnValsMutator,systemClock,16,NO_COVERAGE,none
TimeConfiguration.java,si.confreg.registration.time.TimeConfiguration,org.pitest.mutationtest.engine.gregor.mutators.VoidMethodCallMutator,testClockFilter,23,NO_COVERAGE,none
TimeConfiguration.java,si.confreg.registration.time.TimeConfiguration,org.pitest.mutationtest.engine.gregor.mutators.VoidMethodCallMutator,testClockFilter,24,NO_COVERAGE,none
TimeConfiguration.java,si.confreg.registration.time.TimeConfiguration,org.pitest.mutationtest.engine.gregor.mutators.returns.NullReturnValsMutator,testClockFilter,25,NO_COVERAGE,none
AppClock.java,si.confreg.registration.time.AppClock,org.pitest.mutationtest.engine.gregor.mutators.NegateConditionalsMutator,now,26,KILLED,si.confreg.registration.time.AppClockTest.[engine:junit-jupiter]/[class:si.confreg.registration.time.AppClockTest]/[method:usesSystemClockOutsideRequests()]
AppClock.java,si.confreg.registration.time.AppClock,org.pitest.mutationtest.engine.gregor.mutators.NegateConditionalsMutator,now,27,KILLED,si.confreg.registration.time.AppClockTest.[engine:junit-jupiter]/[class:si.confreg.registration.time.AppClockTest]/[method:enabledFilterSetsTestInstantForTheRequest()]
AppClock.java,si.confreg.registration.time.AppClock,org.pitest.mutationtest.engine.gregor.mutators.returns.NullReturnValsMutator,now,29,KILLED,si.confreg.registration.time.AppClockTest.[engine:junit-jupiter]/[class:si.confreg.registration.time.AppClockTest]/[method:enabledFilterSetsTestInstantForTheRequest()]
AppClock.java,si.confreg.registration.time.AppClock,org.pitest.mutationtest.engine.gregor.mutators.returns.NullReturnValsMutator,now,31,KILLED,si.confreg.registration.time.AppClockTest.[engine:junit-jupiter]/[class:si.confreg.registration.time.AppClockTest]/[method:usesSystemClockOutsideRequests()]
ProblemResponses.java,si.confreg.registration.security.ProblemResponses,org.pitest.mutationtest.engine.gregor.mutators.VoidMethodCallMutator,write,16,KILLED,si.confreg.registration.security.SecurityFiltersTest.[engine:junit-jupiter]/[class:si.confreg.registration.security.SecurityFiltersTest]/[method:bodyOverLimitIsRefusedWhileReading()]
ProblemResponses.java,si.confreg.registration.security.ProblemResponses,org.pitest.mutationtest.engine.gregor.mutators.VoidMethodCallMutator,write,17,KILLED,si.confreg.registration.security.SecurityFiltersTest.[engine:junit-jupiter]/[class:si.confreg.registration.security.SecurityFiltersTest]/[method:rateLimitPerClientAndWindow()]
ProblemResponses.java,si.confreg.registration.security.ProblemResponses,org.pitest.mutationtest.engine.gregor.mutators.VoidMethodCallMutator,write,18,SURVIVED,none
ProblemResponses.java,si.confreg.registration.security.ProblemResponses,org.pitest.mutationtest.engine.gregor.mutators.VoidMethodCallMutator,write,21,SURVIVED,none
ConfirmationEmail.java,si.confreg.registration.mail.ConfirmationEmail,org.pitest.mutationtest.engine.gregor.mutators.returns.EmptyObjectReturnValsMutator,amount,61,KILLED,si.confreg.registration.mail.ConfirmationMailerTest.[engine:junit-jupiter]/[class:si.confreg.registration.mail.ConfirmationMailerTest]/[method:contentContainsNumberAmountsWorkshopAndCompanyPayer()]
ConfirmationEmail.java,si.confreg.registration.mail.ConfirmationEmail,org.pitest.mutationtest.engine.gregor.mutators.NegateConditionalsMutator,of,17,KILLED,si.confreg.registration.mail.ConfirmationMailerTest.[engine:junit-jupiter]/[class:si.confreg.registration.mail.ConfirmationMailerTest]/[method:contentContainsNumberAmountsWorkshopAndCompanyPayer()]
ConfirmationEmail.java,si.confreg.registration.mail.ConfirmationEmail,org.pitest.mutationtest.engine.gregor.mutators.NegateConditionalsMutator,of,21,KILLED,si.confreg.registration.mail.ConfirmationMailerTest.[engine:junit-jupiter]/[class:si.confreg.registration.mail.ConfirmationMailerTest]/[method:contentContainsNumberAmountsWorkshopAndCompanyPayer()]
ConfirmationEmail.java,si.confreg.registration.mail.ConfirmationEmail,org.pitest.mutationtest.engine.gregor.mutators.returns.NullReturnValsMutator,of,57,KILLED,si.confreg.registration.mail.ConfirmationMailerTest.[engine:junit-jupiter]/[class:si.confreg.registration.mail.ConfirmationMailerTest]/[method:contentContainsNumberAmountsWorkshopAndCompanyPayer()]
PayerType.java,si.confreg.registration.domain.PayerType,org.pitest.mutationtest.engine.gregor.mutators.NegateConditionalsMutator,fromValue,23,KILLED,si.confreg.registration.domain.RegistrationTest.[engine:junit-jupiter]/[class:si.confreg.registration.domain.RegistrationTest]/[method:payerTypeMatchesApiValuesExactly()]
PayerType.java,si.confreg.registration.domain.PayerType,org.pitest.mutationtest.engine.gregor.mutators.returns.EmptyObjectReturnValsMutator,fromValue,24,KILLED,si.confreg.registration.domain.RegistrationTest.[engine:junit-jupiter]/[class:si.confreg.registration.domain.RegistrationTest]/[method:payerTypeMatchesApiValuesExactly()]
PayerType.java,si.confreg.registration.domain.PayerType,org.pitest.mutationtest.engine.gregor.mutators.returns.EmptyObjectReturnValsMutator,value,17,KILLED,si.confreg.registration.domain.RegistrationTest.[engine:junit-jupiter]/[class:si.confreg.registration.domain.RegistrationTest]/[method:payerTypeMatchesApiValuesExactly()]
InvalidRegistrationException.java,si.confreg.registration.service.InvalidRegistrationException,org.pitest.mutationtest.engine.gregor.mutators.returns.EmptyObjectReturnValsMutator,errors,19,KILLED,si.confreg.registration.api.ApiExceptionHandlerTest.[engine:junit-jupiter]/[class:si.confreg.registration.api.ApiExceptionHandlerTest]/[method:validationProblemListsFieldsWithoutValues()]
