GROUP,PACKAGE,CLASS,INSTRUCTION_MISSED,INSTRUCTION_COVERED,BRANCH_MISSED,BRANCH_COVERED,LINE_MISSED,LINE_COVERED,COMPLEXITY_MISSED,COMPLEXITY_COVERED,METHOD_MISSED,METHOD_COVERED
registration-backend,si.confreg.registration.mail,ConfirmationMailer,0,71,0,2,0,21,0,3,0,2
registration-backend,si.confreg.registration.mail,ConfirmationNotSentException,0,5,0,0,0,2,0,1,0,1
registration-backend,si.confreg.registration.mail,ConfirmationEmail,0,79,0,4,0,20,0,5,0,3
registration-backend,si.confreg.registration.security,BodySizeLimitFilter.BufferedBodyRequest.new ServletInputStream() {...},15,17,2,0,3,3,4,3,3,3
registration-backend,si.confreg.registration.security,BodySizeLimitFilter,5,52,3,7,2,11,3,5,0,3
registration-backend,si.confreg.registration.security,SecurityConfiguration,5,185,0,0,1,40,1,18,1,18
registration-backend,si.confreg.registration.security,RateLimitFilter,16,99,4,8,1,23,4,8,1,5
registration-backend,si.confreg.registration.security,RateLimitFilter.Window,0,11,0,0,0,4,0,1,0,1
registration-backend,si.confreg.registration.security,BodySizeLimitFilter.BufferedBodyRequest,29,21,2,0,5,5,4,2,3,2
registration-backend,si.confreg.registration.security,InsecureCredentialsFilter,12,38,6,8,6,11,6,4,0,3
registration-backend,si.confreg.registration.security,ProblemResponses,0,21,0,0,0,9,0,1,0,1
registration-backend,si.confreg.registration.config,AppProperties,72,188,19,22,15,37,19,12,0,10
registration-backend,si.confreg.registration.config,ConfigurationSetup,25,26,7,1,7,8,4,3,0,3
registration-backend,si.confreg.registration.config,OrganizerAccount,10,34,4,4,2,5,4,1,0,1
registration-backend,si.confreg.registration.service,RegistrationNotCompletedException,0,5,0,0,0,2,0,1,0,1
registration-backend,si.confreg.registration.service,RegistrationService,2,124,1,3,0,31,1,5,0,4
registration-backend,si.confreg.registration.service,InvalidRegistrationException,0,11,0,0,0,4,0,2,0,2
registration-backend,si.confreg.registration.api,RegistrationRequest,9,57,2,2,1,4,2,3,1,2
registration-backend,si.confreg.registration.api,RegistrationResponse,0,68,0,0,0,14,0,2,0,2
registration-backend,si.confreg.registration.api,RegistrationController,0,35,0,0,0,11,0,4,0,4
registration-backend,si.confreg.registration.api,ApiExceptionHandler,41,50,4,0,8,15,6,7,4,7
registration-backend,si.confreg.registration.api,RegistrationNotFoundException,0,4,0,0,0,2,0,1,0,1
registration-backend,si.confreg.registration.time,TimeConfiguration,0,29,0,0,0,7,0,3,0,3
registration-backend,si.confreg.registration.time,TestClockFilter,0,45,0,4,0,17,0,4,0,2
registration-backend,si.confreg.registration.time,AppClock,0,32,1,3,0,10,1,4,0,3
registration-backend,si.confreg.registration,RegistrationApplication,5,3,0,0,2,1,1,1,1,1
registration-backend,si.confreg.registration.domain,Registration,3,116,0,4,1,31,1,16,1,14
registration-backend,si.confreg.registration.domain,FieldError,0,9,0,0,0,1,0,1,0,1
registration-backend,si.confreg.registration.domain,PricingPolicy,0,62,0,2,0,12,0,5,0,4
registration-backend,si.confreg.registration.domain,PayerType,0,54,0,4,0,11,0,6,0,4
registration-backend,si.confreg.registration.domain,RegistrationInput,2,100,1,9,0,20,1,8,0,4
registration-backend,si.confreg.registration.domain,RegistrationValidator,8,224,3,29,1,45,3,19,0,6
registration-backend,si.confreg.registration.domain,Price,0,12,0,0,0,1,0,1,0,1
